,Links
0,https://www.youtube.com/watch?v=bm0DqpgV3w4
1,https://www.youtube.com/watch?v=f3NWvUV8MD8
2,https://www.youtube.com/watch?v=YMe53fffLig
3,https://www.youtube.com/watch?v=64addG82-KY
4,https://www.youtube.com/watch?v=Spg9i9hIOSI
5,https://www.youtube.com/watch?v=WK0NOUQ9iXE
6,https://www.youtube.com/watch?v=ThmCBR5Ow5w
7,https://www.youtube.com/watch?v=d6dxWNQj1GU
8,https://www.youtube.com/watch?v=m6iEMOgBZlw
9,https://www.youtube.com/watch?v=CA19bfobhc0
10,https://www.youtube.com/watch?v=-B0dvYhxEKA
11,https://www.youtube.com/watch?v=7kbOStEXecU
12,https://www.youtube.com/watch?v=sBO5CchnVys
13,https://www.youtube.com/watch?v=xFLZYH7QkYA
14,https://www.youtube.com/watch?v=l9o33uBi40U
15,https://www.youtube.com/watch?v=yWfAETETHQ4
16,https://www.youtube.com/watch?v=BAhHZ1Gi9Kk
17,https://www.youtube.com/watch?v=Ziwdz3Lcteg
18,https://www.youtube.com/watch?v=WZSa3spfgKg
19,https://www.youtube.com/watch?v=3MmbRz5QsvM
20,https://www.youtube.com/watch?v=x8A281Mmtqk
21,https://www.youtube.com/watch?v=WxaykhuM--E
22,https://www.youtube.com/watch?v=G5UmjNbJqNQ
23,https://www.youtube.com/watch?v=fPiqmhXDzOg
24,https://www.youtube.com/watch?v=Wjia3az6xRY
25,https://www.youtube.com/watch?v=DJUzVC2RE9c
26,https://www.youtube.com/watch?v=lGzyZyQoN8Y
27,https://www.youtube.com/watch?v=IYJ22b4zNZ4
28,https://www.youtube.com/watch?v=4tKO1IfZTwI
29,https://www.youtube.com/watch?v=kt5L7OrZa70
30,https://www.youtube.com/watch?v=dbo_wbfRZm0
31,https://www.youtube.com/watch?v=wEh5bJoIU-g
32,https://www.youtube.com/watch?v=GeBdP0hSFBg
33,https://www.youtube.com/watch?v=eUf0OoI2KcI
34,https://www.youtube.com/watch?v=o1T0ZwqSP3U
35,https://www.youtube.com/watch?v=JpgdzoGKE2g
36,https://www.youtube.com/watch?v=jujzYv3G4ts
37,https://www.youtube.com/watch?v=WUx0U0Yzhz4
38,https://www.youtube.com/watch?v=eKP7_qzpehk
39,https://www.youtube.com/watch?v=Hur4JGVzhhA
40,https://www.youtube.com/watch?v=_cRDjxxMpH8
41,https://www.youtube.com/watch?v=1hq7KVWkweg
42,https://www.youtube.com/watch?v=KB56Da3P95c
43,https://www.youtube.com/watch?v=leBEF-92M78
44,https://www.youtube.com/watch?v=kb20yS1eTEM
45,https://www.youtube.com/watch?v=FRQnL2IWCXk
46,https://www.youtube.com/watch?v=_ZYBBefb8Yc
47,https://www.youtube.com/watch?v=zEjHF2Qw7Sc
48,https://www.youtube.com/watch?v=3Bhq5c6LoZo
49,https://www.youtube.com/watch?v=EDoCnxHapbM
50,https://www.youtube.com/watch?v=WVDPHraqfoc
51,https://www.youtube.com/watch?v=jo4y3UDaO3M
52,https://www.youtube.com/watch?v=Quk0jdYs0nc
53,https://www.youtube.com/watch?v=yS26IEkzrfQ
54,https://www.youtube.com/watch?v=pkKGdNhWKcs
55,https://www.youtube.com/watch?v=mArSPd58e9E
56,https://www.youtube.com/watch?v=jS2sHy21cZA
57,https://www.youtube.com/watch?v=nL03hWPJa1A
58,https://www.youtube.com/watch?v=tbyeNL01lQo
59,https://www.youtube.com/watch?v=AnFIowPt6eA
60,https://www.youtube.com/watch?v=2NetbhbiGoQ
61,https://www.youtube.com/watch?v=FJyOeLMXr-E
62,https://www.youtube.com/watch?v=HDJJdv2jU70
63,https://www.youtube.com/watch?v=UdRCdkdEiqw
64,https://www.youtube.com/watch?v=IQk07T4LCNE
65,https://www.youtube.com/watch?v=KO8w6U6C7tY
66,https://www.youtube.com/watch?v=JT-UG_7Xm34
67,https://www.youtube.com/watch?v=LdpXuw1Nh1g
68,https://www.youtube.com/watch?v=xucsOiTzqr0
69,https://www.youtube.com/watch?v=VL-YNAb_uXo
70,https://www.youtube.com/watch?v=BzrGaoD142k
71,https://www.youtube.com/watch?v=MzfHmOsbfzU
72,https://www.youtube.com/watch?v=-GjsZLREF6c
73,https://www.youtube.com/watch?v=QeajYcltm5c
74,https://www.youtube.com/watch?v=g3llBAPEnzo
75,https://www.youtube.com/watch?v=ebd67Ji6kW0
76,https://www.youtube.com/watch?v=RHQ1BcI2yKI
77,https://www.youtube.com/watch?v=gSMR2u-GT9M
78,https://www.youtube.com/watch?v=AAvGS79OYlY
79,https://www.youtube.com/watch?v=eyVL_UrY5z0
80,https://www.youtube.com/watch?v=Ab-AYcKKBzI
81,https://www.youtube.com/watch?v=yx_Qm94E49A
82,https://www.youtube.com/watch?v=yW_FhjqADzE
83,https://www.youtube.com/watch?v=dExJmVoYdus
84,https://www.youtube.com/watch?v=bCe7mrj5gns
85,https://www.youtube.com/watch?v=7wxYwpmCQVU
86,https://www.youtube.com/watch?v=GwuCyNnhgrU
87,https://www.youtube.com/watch?v=TcoRVC2zfxU
88,https://www.youtube.com/watch?v=4cXO19ePEpo
89,https://www.youtube.com/watch?v=EQWDbSLrwII
90,https://www.youtube.com/watch?v=bLTGCykcuaU
91,https://www.youtube.com/watch?v=iLttQyPyXro
92,https://www.youtube.com/watch?v=OWQfCe1A6ro
93,https://www.youtube.com/watch?v=nIfXU7qLY0A
94,https://www.youtube.com/watch?v=i8x-2lFJZTE
95,https://www.youtube.com/watch?v=FDH6CKyHvA8
96,https://www.youtube.com/watch?v=Qhg5wl2tgdA
97,https://www.youtube.com/watch?v=amb3oPGzHxI
98,https://www.youtube.com/watch?v=778irGaGJAY
99,https://www.youtube.com/watch?v=fUr66MbF-74
100,https://www.youtube.com/watch?v=0D5GTzQMTjc
101,https://www.youtube.com/watch?v=yITYpEZqxaA
102,https://www.youtube.com/watch?v=dN1iEfTAWPk
103,https://www.youtube.com/watch?v=6Tq6AQ3ZAjw
104,https://www.youtube.com/watch?v=iJj2vqWYOJE
105,https://www.youtube.com/watch?v=NH-VSWGksQc
106,https://www.youtube.com/watch?v=wg21dp3W7sc
107,https://www.youtube.com/watch?v=f8j7VlAdIck
108,https://www.youtube.com/watch?v=X5fhVLJs9go
109,https://www.youtube.com/watch?v=sP2FUjqQXV8
110,https://www.youtube.com/watch?v=-_draVSAxxw
111,https://www.youtube.com/watch?v=MSl-HpgEMJU
112,https://www.youtube.com/watch?v=MzfHmOsbfzU
113,https://www.youtube.com/watch?v=60oNDAfF6zY
114,https://www.youtube.com/watch?v=-5b90huqJlc
115,https://www.youtube.com/watch?v=EpTFQcD7bME
116,https://www.youtube.com/watch?v=LWLjFQHV2Bk
117,https://www.youtube.com/watch?v=l_kAaeybd4c
118,https://www.youtube.com/watch?v=XU7mEMaMdc4
119,https://www.youtube.com/watch?v=5Bjq2xQNcLU
120,https://www.youtube.com/watch?v=QOqEioYwH-M
121,https://www.youtube.com/watch?v=zxDp7OkjlLM
122,https://www.youtube.com/watch?v=aMtggJzcHcw
123,https://www.youtube.com/watch?v=IHNgks5zvH4
124,https://www.youtube.com/watch?v=quvPSKtLYsg
125,https://www.youtube.com/watch?v=4lhmYysr0LU
126,https://www.youtube.com/watch?v=GzilbrH3CcA
127,https://www.youtube.com/watch?v=zdg5iovYR1I
128,https://www.youtube.com/watch?v=DfNgDGWaeao
129,https://www.youtube.com/watch?v=sK89AreENPY
130,https://www.youtube.com/watch?v=z-_TLP369Gc
131,https://www.youtube.com/watch?v=0498t-S5GGk
132,https://www.youtube.com/watch?v=V_3p9IK_SG0
133,https://www.youtube.com/watch?v=qMIE5eFOVfM
134,https://www.youtube.com/watch?v=F-MG-WuUi8A
135,https://www.youtube.com/watch?v=XhiFXDT50sI
136,https://www.youtube.com/watch?v=awfmB-j1taQ
137,https://www.youtube.com/watch?v=tCBMmQY4s_E
138,https://www.youtube.com/watch?v=gu9Eoon7s_Y
139,https://www.youtube.com/watch?v=RCWGPNmUZvU
140,https://www.youtube.com/watch?v=MRvsCCRuKRk
141,https://www.youtube.com/watch?v=WZtNx9m1g9k
142,https://www.youtube.com/watch?v=mUT6FhRiE60
143,https://www.youtube.com/watch?v=BjVTs9JkaU0
144,https://www.youtube.com/watch?v=jRjHt_8sleI
145,https://www.youtube.com/watch?v=j3CrI1m46eU
146,https://www.youtube.com/watch?v=WCJK1U0kuEE
147,https://www.youtube.com/watch?v=SReUFpZnLxk
148,https://www.youtube.com/watch?v=ymdxx4tcBB0
149,https://www.youtube.com/watch?v=AUZ908u6tsQ
150,https://www.youtube.com/watch?v=ADFKt8NAVKk
151,https://www.youtube.com/watch?v=En8MY4A3z4g
152,https://www.youtube.com/watch?v=sUWTefcLQjE
153,https://www.youtube.com/watch?v=h6ULCAQC8HU
154,https://www.youtube.com/watch?v=ZotIk5ILxDI
155,https://www.youtube.com/watch?v=uEu6r8MkQ0o
156,https://www.youtube.com/watch?v=DfMI-FNzYOI
157,https://www.youtube.com/watch?v=lMYwmutYBk0
158,https://www.youtube.com/watch?v=jcOLNMK5gOI
159,https://www.youtube.com/watch?v=4HnziuQE2Zo
160,https://www.youtube.com/watch?v=JvNTQ6R-9GU
161,https://www.youtube.com/watch?v=_RV-ITIYpAE
162,https://www.youtube.com/watch?v=MpoQX5rTs0k
163,https://www.youtube.com/watch?v=OyQ3B1U8_XY
164,https://www.youtube.com/watch?v=_hF8xuPShsM
165,https://www.youtube.com/watch?v=WeUgiSopthQ
166,https://www.youtube.com/watch?v=XVhPpnwmmfo
167,https://www.youtube.com/watch?v=C0B_FMQCTdE
168,https://www.youtube.com/watch?v=UEKYfbTeJfg
169,https://www.youtube.com/watch?v=5owhEBOPf1k
170,https://www.youtube.com/watch?v=N7G8vgF8mhI
171,https://www.youtube.com/watch?v=HmOWxSiYAqs
172,https://www.youtube.com/watch?v=tBKYVwQl3RQ
173,https://www.youtube.com/watch?v=OSaTKvPwRpE
174,https://www.youtube.com/watch?v=ykwTZJ4WlS4
175,https://www.youtube.com/watch?v=C7E392Usy0w
176,https://www.youtube.com/watch?v=MWE3M7c4lLI
177,https://www.youtube.com/watch?v=G4YQRTCLTLY
178,https://www.youtube.com/watch?v=5d4TpJt2xrA
179,https://www.youtube.com/watch?v=6_-PUnqLNuo
180,https://www.youtube.com/watch?v=sj38AeKn_LE
181,https://www.youtube.com/watch?v=faZ7cuGtj4k
182,https://www.youtube.com/watch?v=CaP97ImncPs
183,https://www.youtube.com/watch?v=Ymd16dgf08E
184,https://www.youtube.com/watch?v=nzjhT3DLLHg
185,https://www.youtube.com/watch?v=-A07dN48ynw
186,https://www.youtube.com/watch?v=Wx7zN36jVqY
187,https://www.youtube.com/watch?v=4V2Qj4-7k7U
188,https://www.youtube.com/watch?v=af_qq-hX3QM
189,https://www.youtube.com/watch?v=8JrSzM7fvpw
190,https://www.youtube.com/watch?v=ohM1TfpEQmc
191,https://www.youtube.com/watch?v=m9sUI6_3zHk
192,https://www.youtube.com/watch?v=aGRoEMoadT4
193,https://www.youtube.com/watch?v=r1-GYT9hf7Y
194,https://www.youtube.com/watch?v=yshrC4B8AYg
195,https://www.youtube.com/watch?v=mfawl4_5cpQ
196,https://www.youtube.com/watch?v=LdYqpS5SkIA
197,https://www.youtube.com/watch?v=XPF8Yqk-DsM
198,https://www.youtube.com/watch?v=fQtSfImT4rU
199,https://www.youtube.com/watch?v=3zcqOQCgPxk
200,https://www.youtube.com/watch?v=JCSFaZkvvIQ
201,https://www.youtube.com/watch?v=I5m7s5jB1Z8
202,https://www.youtube.com/watch?v=8x7IZ1fpyNo
203,https://www.youtube.com/watch?v=HTzw4VsbIfc
204,https://www.youtube.com/watch?v=t-83IhbzeCE
205,https://www.youtube.com/watch?v=tBRw9cOz9jo
206,https://www.youtube.com/watch?v=NVSRO8YCk4o
207,https://www.youtube.com/watch?v=IY6nSmC0Izs
208,https://www.youtube.com/watch?v=1R5tIYs4FzI
209,https://www.youtube.com/watch?v=jkrakZ3ZTzA
210,https://www.youtube.com/watch?v=D9o2B47CArw
211,https://www.youtube.com/watch?v=HYRBa-2rXBc
212,https://www.youtube.com/watch?v=NxhfdhxJOog
213,https://www.youtube.com/watch?v=Z3PvUdrJFGI
214,https://www.youtube.com/watch?v=D0jrNdxcEpY
215,https://www.youtube.com/watch?v=9gHJONXyfVk
216,https://www.youtube.com/watch?v=eW8r7ALWzsI
217,https://www.youtube.com/watch?v=LaVH23Z1IPc
218,https://www.youtube.com/watch?v=ApkHjyI-1G4
219,https://www.youtube.com/watch?v=ZUpA42nbylY
220,https://www.youtube.com/watch?v=FB33pV2L0Vo
221,https://www.youtube.com/watch?v=d4V6u-fkcd8
222,https://www.youtube.com/watch?v=B3VRsoMKWIM
223,https://www.youtube.com/watch?v=DGyt6Qg-Klo
224,https://www.youtube.com/watch?v=Y4SzfFt6Qsg
225,https://www.youtube.com/watch?v=c7A4xLV-HtA
226,https://www.youtube.com/watch?v=mH-Gfw_9KR0
227,https://www.youtube.com/watch?v=mzSrSjsi2SQ
228,https://www.youtube.com/watch?v=tABiPsA1lXY
229,https://www.youtube.com/watch?v=_iHmyO2uDOQ
230,https://www.youtube.com/watch?v=ABIkQOnhIwc
231,https://www.youtube.com/watch?v=fuhH03TNfoE
232,https://www.youtube.com/watch?v=pG8eLHBurm4
233,https://www.youtube.com/watch?v=42AmpbBXAXs
234,https://www.youtube.com/watch?v=dNH6B9nB18I
235,https://www.youtube.com/watch?v=8M7xc0nMeD8
236,https://www.youtube.com/watch?v=TttUqGR-qmQ
237,https://www.youtube.com/watch?v=e3eqVKFdmzo
238,https://www.youtube.com/watch?v=ER17IRIdHzY
239,https://www.youtube.com/watch?v=M0ic8Xb153s
240,https://www.youtube.com/watch?v=HTlXhMfo4hM
241,https://www.youtube.com/watch?v=6EsbHPpQQcw
242,https://www.youtube.com/watch?v=r-DVOqbYC1g
243,https://www.youtube.com/watch?v=w9WQRFpmYis
244,https://www.youtube.com/watch?v=0udURZI2ZQ8
245,https://www.youtube.com/watch?v=tM-Ut0euXP8
246,https://www.youtube.com/watch?v=22cHcGghvv4
247,https://www.youtube.com/watch?v=bsD_pFrqO4A
248,https://www.youtube.com/watch?v=h9g09uCq8jI
249,https://www.youtube.com/watch?v=EJZXXKJ_Q4k
250,https://www.youtube.com/watch?v=quyAocor4NE
251,https://www.youtube.com/watch?v=temQFHFxSxs
252,https://www.youtube.com/watch?v=aZIgkdzwuho
253,https://www.youtube.com/watch?v=m7uuxiCV3NE
254,https://www.youtube.com/watch?v=405Pi3CDzmA
255,https://www.youtube.com/watch?v=TIlwfRVL0cA
256,https://www.youtube.com/watch?v=mGVzCqKO2bU
257,https://www.youtube.com/watch?v=CqDAgnzqY4g
258,https://www.youtube.com/watch?v=-tL_q-4U1tg
259,https://www.youtube.com/watch?v=6NFhByKkLNM
260,https://www.youtube.com/watch?v=HMdVLwVKwwE
261,https://www.youtube.com/watch?v=bsd5abAgFaY
262,https://www.youtube.com/watch?v=CKEBfFSPWs0
263,https://www.youtube.com/watch?v=zMHm7QUrUw4
264,https://www.youtube.com/watch?v=KDeEqitvk2U
265,https://www.youtube.com/watch?v=EB9cnQWHpMs
266,https://www.youtube.com/watch?v=17Qt8dc3eU4
267,https://www.youtube.com/watch?v=tbwOaDTaTMs
268,https://www.youtube.com/watch?v=8Xty1iPc4XY
269,https://www.youtube.com/watch?v=xLXOrXd5Bl4
270,https://www.youtube.com/watch?v=9S6byiNyRuE
271,https://www.youtube.com/watch?v=OIV_W5jRMOw
272,https://www.youtube.com/watch?v=pmRrNUy7wU4
273,https://www.youtube.com/watch?v=ijbsGfijex8
274,https://www.youtube.com/watch?v=mK52h9IZo98
275,https://www.youtube.com/watch?v=Hj9QtUdN3Hw
276,https://www.youtube.com/watch?v=t25RLHSvnNA
277,https://www.youtube.com/watch?v=lr4m3JOYiik
278,https://www.youtube.com/watch?v=zUzHMv40SJE
279,https://www.youtube.com/watch?v=snmYVjT0V-g
280,https://www.youtube.com/watch?v=sBSdpBegCs4
281,https://www.youtube.com/watch?v=ViIdI1rUnlE
282,https://www.youtube.com/watch?v=4u3f7_p1i8c
283,https://www.youtube.com/watch?v=tQuYo0MbMxc
284,https://www.youtube.com/watch?v=Xb7RZZjjUZM
285,https://www.youtube.com/watch?v=qZuOYJlPuqY
286,https://www.youtube.com/watch?v=sy3y2Zx9ljg
287,https://www.youtube.com/watch?v=UanrVsjZ6a0
288,https://www.youtube.com/watch?v=BPmplphBQO4
289,https://www.youtube.com/watch?v=Hw7_Fxvktf0
290,https://www.youtube.com/watch?v=hTPBZz2uukk
291,https://www.youtube.com/watch?v=ru_WJ5TLzMo
292,https://www.youtube.com/watch?v=Eo76-SX5Bck
293,https://www.youtube.com/watch?v=yYryT-9OgpE
294,https://www.youtube.com/watch?v=-CS1lCnLAYc
295,https://www.youtube.com/watch?v=jQzz7THT_Yg
296,https://www.youtube.com/watch?v=qDKcsGCx420
297,https://www.youtube.com/watch?v=wogJFJAKd_Q
298,https://www.youtube.com/watch?v=__z2SYv6nZU
299,https://www.youtube.com/watch?v=tvqHZ9gZztA
300,https://www.youtube.com/watch?v=EgOhaAt5mpI
301,https://www.youtube.com/watch?v=Y3F12lJoUzk
302,https://www.youtube.com/watch?v=gAXJQQ9DmEo
303,https://www.youtube.com/watch?v=Px-KkQuCukY
304,https://www.youtube.com/watch?v=KqsW_PkF1Ek
305,https://www.youtube.com/watch?v=hyndfn4YF3A
306,https://www.youtube.com/watch?v=rCLUW_OYlcU
307,https://www.youtube.com/watch?v=m664vtQpUm0
308,https://www.youtube.com/watch?v=84BYat4WX3U
309,https://www.youtube.com/watch?v=UlPBk3AWVsU
310,https://www.youtube.com/watch?v=XTu5ft5ItlM
311,https://www.youtube.com/watch?v=7GRdzhxPPH8
312,https://www.youtube.com/watch?v=H6wMhAYRslM
313,https://www.youtube.com/watch?v=WEwzJ-Oil-c
314,https://www.youtube.com/watch?v=t7eP_nH36jE
315,https://www.youtube.com/watch?v=potiS9_lsuk
316,https://www.youtube.com/watch?v=0PcUxznaVX4
317,https://www.youtube.com/watch?v=CqfLe0srgK0
318,https://www.youtube.com/watch?v=h8pWZyLyS6U
319,https://www.youtube.com/watch?v=h4yP_Ltc97E
320,https://www.youtube.com/watch?v=F5OjfZUZRKg
321,https://www.youtube.com/watch?v=PCVXZunJoYg
322,https://www.youtube.com/watch?v=2eCBPqjwVlE
323,https://www.youtube.com/watch?v=rpEiFpcYw8E
324,https://www.youtube.com/watch?v=9DA3o-2-C24
325,https://www.youtube.com/watch?v=uqEm3LqMeuY
326,https://www.youtube.com/watch?v=5avm2y7usTE
327,https://www.youtube.com/watch?v=kgJjldojN7E
328,https://www.youtube.com/watch?v=9H6GZVeZ8w0
329,https://www.youtube.com/watch?v=lW0r-xkXJN4
330,https://www.youtube.com/watch?v=rOfRGGNC_Sc
331,https://www.youtube.com/watch?v=Vgaa8eO-I4g
332,https://www.youtube.com/watch?v=4nfISHC0bXM
333,https://www.youtube.com/watch?v=6KOw_XYWm3I
334,https://www.youtube.com/watch?v=Nh_I2UOZFQ0
335,https://www.youtube.com/watch?v=_DHehqNcldQ
336,https://www.youtube.com/watch?v=OUO3HdejvfI
337,https://www.youtube.com/watch?v=5V32gqj5TyM
338,https://www.youtube.com/watch?v=HR-1VLvu-j0
339,https://www.youtube.com/watch?v=mPrgVHthsK0
340,https://www.youtube.com/watch?v=INd0iqocEL8
341,https://www.youtube.com/watch?v=dknKZggJn-k
342,https://www.youtube.com/watch?v=Ow9ynZXnu-I
343,https://www.youtube.com/watch?v=GQbEzs1n0iw
344,https://www.youtube.com/watch?v=XlQUNAQirvE
345,https://www.youtube.com/watch?v=3RHZMD7JsXE
346,https://www.youtube.com/watch?v=udLvgUwcHCs
347,https://www.youtube.com/watch?v=HKlGIurqpm8
348,https://www.youtube.com/watch?v=4H8VovHZZow
349,https://www.youtube.com/watch?v=mxcVLFLo9Wg
350,https://www.youtube.com/watch?v=d-oeBaYxUHQ
351,https://www.youtube.com/watch?v=AQtXT9AUo58
352,https://www.youtube.com/watch?v=tfaKqFzM_xk
353,https://www.youtube.com/watch?v=cSjbKtapUUU
354,https://www.youtube.com/watch?v=qGpmqqIlzJ4
355,https://www.youtube.com/watch?v=EPAYvmbENoM
356,https://www.youtube.com/watch?v=XyNRxi9-7o0
357,https://www.youtube.com/watch?v=oS1msOavTR0
358,https://www.youtube.com/watch?v=iboBQpp640g
359,https://www.youtube.com/watch?v=bEEz9CQKuvE
360,https://www.youtube.com/watch?v=lr4m3JOYiik
361,https://www.youtube.com/watch?v=adFqp-qOkwA
362,https://www.youtube.com/watch?v=LyneO72UWws
363,https://www.youtube.com/watch?v=05EYl-v1_Lo
364,https://www.youtube.com/watch?v=0nTOvM7gvE4
365,https://www.youtube.com/watch?v=2gNiU4ldCmE
366,https://www.youtube.com/watch?v=KHHXnn_CR7M
367,https://www.youtube.com/watch?v=t1kezaKhLg4
368,https://www.youtube.com/watch?v=i95nICgYV98
369,https://www.youtube.com/watch?v=6M_6DU3fu_0
370,https://www.youtube.com/watch?v=q-BCyaoVDc4
371,https://www.youtube.com/watch?v=oqaNw1Ld9mI
372,https://www.youtube.com/watch?v=ZY8DdZzdjOg
373,https://www.youtube.com/watch?v=mlMvJ9BgYJw
374,https://www.youtube.com/watch?v=kzhjQ9n1NPs
375,https://www.youtube.com/watch?v=NU4Qcwja9kM
376,https://www.youtube.com/watch?v=0vEt-olhGZ0
377,https://www.youtube.com/watch?v=tEXUV8vsDo8
378,https://www.youtube.com/watch?v=bRrV__bfERA
379,https://www.youtube.com/watch?v=e3ADrvLwJS4
380,https://www.youtube.com/watch?v=Gaj42CGr2-o
381,https://www.youtube.com/watch?v=dRqih1Zz21o
382,https://www.youtube.com/watch?v=OUF42lV1skk
383,https://www.youtube.com/watch?v=HKlGIurqpm8
384,https://www.youtube.com/watch?v=_l42dYV24PA
385,https://www.youtube.com/watch?v=mDmOtfiwYYg
386,https://www.youtube.com/watch?v=Ft5mTH7sksY
387,https://www.youtube.com/watch?v=KrajO7llW2w
388,https://www.youtube.com/watch?v=B82QHYij5Ew
389,https://www.youtube.com/watch?v=DTVqwfkgGdw
390,https://www.youtube.com/watch?v=xZiHrV2DuIE
391,https://www.youtube.com/watch?v=Zcj8uX6GhJ4
392,https://www.youtube.com/watch?v=dvQITCEoMx4
393,https://www.youtube.com/watch?v=ZolwZgje46s
394,https://www.youtube.com/watch?v=btO_OhCfyes
395,https://www.youtube.com/watch?v=WDxv8KgAzMU
396,https://www.youtube.com/watch?v=ygTTJai1JOg
397,https://www.youtube.com/watch?v=BIOCt7hOhyk
398,https://www.youtube.com/watch?v=HfRdk_DehQc
399,https://www.youtube.com/watch?v=Fr3Jli46_VU
400,https://www.youtube.com/watch?v=HbjJrtmXhDY
401,https://www.youtube.com/watch?v=M8Px9HqsPPI
402,https://www.youtube.com/watch?v=azzcaVVhBOM
403,https://www.youtube.com/watch?v=6XaqlAjyFKQ
404,https://www.youtube.com/watch?v=Z62eeT0bXuk
405,https://www.youtube.com/watch?v=BcuvewjVGy4
406,https://www.youtube.com/watch?v=kyEQNgSZhzI
407,https://www.youtube.com/watch?v=Ada2azjL6QQ
408,https://www.youtube.com/watch?v=iL5Ms_FKwfQ
409,https://www.youtube.com/watch?v=x7Df5VA8EBk
410,https://www.youtube.com/watch?v=MJ87E2VpJN8
411,https://www.youtube.com/watch?v=QvUAM6mG5cI
412,https://www.youtube.com/watch?v=POoPbTKLz2s
413,https://www.youtube.com/watch?v=3evS3xGfyw0
414,https://www.youtube.com/watch?v=JC6rRNcRYBA
415,https://www.youtube.com/watch?v=oTnwa2APU4k
416,https://www.youtube.com/watch?v=cgBgOuLZvSs
417,https://www.youtube.com/watch?v=p7eADwef-VU
418,https://www.youtube.com/watch?v=Ci7RjW4vRoY
419,https://www.youtube.com/watch?v=y8gz6mmB7k0
420,https://www.youtube.com/watch?v=JkBh71zZKrM
421,https://www.youtube.com/watch?v=82zKxHyeEjE
422,https://www.youtube.com/watch?v=rpYSy2n8CnM
423,https://www.youtube.com/watch?v=QIi7b_OBtgw
424,https://www.youtube.com/watch?v=KPGZaEk_FQk
425,https://www.youtube.com/watch?v=QGdANLZQClU
426,https://www.youtube.com/watch?v=YzHIlhCDPCQ
427,https://www.youtube.com/watch?v=Q5lsUhSdLwc
428,https://www.youtube.com/watch?v=b6RmEi2K4JM
429,https://www.youtube.com/watch?v=tj5Bo2Log7A
430,https://www.youtube.com/watch?v=dKYaK0zJieg
431,https://www.youtube.com/watch?v=GSm0OzrGQJ0
432,https://www.youtube.com/watch?v=3HvS4Ev9RO0
433,https://www.youtube.com/watch?v=qmOD_1KRrpM
434,https://www.youtube.com/watch?v=_XOAWhHgPas
435,https://www.youtube.com/watch?v=sqYzu0HzjpM
436,https://www.youtube.com/watch?v=4ZtBrF4Ng2I
437,https://www.youtube.com/watch?v=KGYdrTbnAzI
438,https://www.youtube.com/watch?v=8wf_afVN3Lk
439,https://www.youtube.com/watch?v=PtPD2c4iTeE
440,https://www.youtube.com/watch?v=75F9iJ8-7zE
441,https://www.youtube.com/watch?v=p2d14JqsKpQ
442,https://www.youtube.com/watch?v=tpcmxVI0teg
443,https://www.youtube.com/watch?v=Zb3DNPYzoYs
444,https://www.youtube.com/watch?v=c69hUtuXPkY
445,https://www.youtube.com/watch?v=HtRAgPfxVBc
446,https://www.youtube.com/watch?v=AnZNOlwaOF0
447,https://www.youtube.com/watch?v=yUls-7k5D_w
448,https://www.youtube.com/watch?v=H-mI9TD4wUM
449,https://www.youtube.com/watch?v=PIuSc7mOnzc
450,https://www.youtube.com/watch?v=0tihIlxrRFI
451,https://www.youtube.com/watch?v=ep82CmKsQ5Y
452,https://www.youtube.com/watch?v=IZMGEVJfuGo
453,https://www.youtube.com/watch?v=txtUQNPYDAg
454,https://www.youtube.com/watch?v=eUcOHtieJrg
455,https://www.youtube.com/watch?v=bQFc7scQ2y8
456,https://www.youtube.com/watch?v=5kZ-bsz6Pug
457,https://www.youtube.com/watch?v=5Us1O4VfvGk
458,https://www.youtube.com/watch?v=drmK_dOhpuA
459,https://www.youtube.com/watch?v=OkuSyva27oc
460,https://www.youtube.com/watch?v=VXGHc3PFvtQ
461,https://www.youtube.com/watch?v=1TnUKWdFQfI
462,https://www.youtube.com/watch?v=vJJQnZUXkL0
463,https://www.youtube.com/watch?v=nVaO8S7wzZg
464,https://www.youtube.com/watch?v=Dcgqfc62fN4
465,https://www.youtube.com/watch?v=E7u1qPyZkoM
466,https://www.youtube.com/watch?v=aBt0UfooFpE
467,https://www.youtube.com/watch?v=7JUdgK02M6Y
468,https://www.youtube.com/watch?v=Rk0QRwxl2dE
469,https://www.youtube.com/watch?v=U7YBQL_J0EY
470,https://www.youtube.com/watch?v=XnmL6CwIAv4
471,https://www.youtube.com/watch?v=uqzrZdQhm-8
472,https://www.youtube.com/watch?v=Mr89q5N5Tn0
473,https://www.youtube.com/watch?v=0Mqu4EZMuOE
474,https://www.youtube.com/watch?v=o5mtzRnv2aU
475,https://www.youtube.com/watch?v=PcY4JJ4kUsE
476,https://www.youtube.com/watch?v=CTKn--QHFDc
477,https://www.youtube.com/watch?v=6gLMcOhL6T0
478,https://www.youtube.com/watch?v=I_Ad4Z-O2iU
479,https://www.youtube.com/watch?v=F-f3U_wO1kQ
480,https://www.youtube.com/watch?v=XvPzsOBoyog
481,https://www.youtube.com/watch?v=2myYDEw9sAo
482,https://www.youtube.com/watch?v=QLJPMibgCt0
483,https://www.youtube.com/watch?v=dQunFldEWww
484,https://www.youtube.com/watch?v=-CQ_0qLpz1E
485,https://www.youtube.com/watch?v=aEP25MxT78k
486,https://www.youtube.com/watch?v=g5U5dz5gEHg
487,https://www.youtube.com/watch?v=-3cgbTmlGaQ
488,https://www.youtube.com/watch?v=TFn_QVkl7iY
489,https://www.youtube.com/watch?v=RxmzCJug9HE
490,https://www.youtube.com/watch?v=_8n8O7jXAkc
491,https://www.youtube.com/watch?v=1hCtmR3VDwE
492,https://www.youtube.com/watch?v=v_dePdeshuI
493,https://www.youtube.com/watch?v=C_BxMwRywEk
494,https://www.youtube.com/watch?v=6uOF5N4HYuc
495,https://www.youtube.com/watch?v=38z6-Coq8HA
496,https://www.youtube.com/watch?v=MTU40QNLrk4
497,https://www.youtube.com/watch?v=raWnTy9QDaA
498,https://www.youtube.com/watch?v=4oe1rK6xZpA
499,https://www.youtube.com/watch?v=RXCT7T61n_w
500,https://www.youtube.com/watch?v=GdYJPBOYwgY
501,https://www.youtube.com/watch?v=YGJP6WR7_70
502,https://www.youtube.com/watch?v=sWGRfjmhdn0
503,https://www.youtube.com/watch?v=seEC6__lOeg
504,https://www.youtube.com/watch?v=2ZdqWHFLdPA
505,https://www.youtube.com/watch?v=bHxg-QUY9ug
506,https://www.youtube.com/watch?v=Firk1I-ibBE
507,https://www.youtube.com/watch?v=Uq0280AL3Us
508,https://www.youtube.com/watch?v=wy01qkbqJq4
509,https://www.youtube.com/watch?v=DtFgyxJful8
510,https://www.youtube.com/watch?v=1zMld4CtmaM
511,https://www.youtube.com/watch?v=BwbiU3HDwT0
512,https://www.youtube.com/watch?v=raxb2iweP7I
513,https://www.youtube.com/watch?v=2L25aFYFZJ8
514,https://www.youtube.com/watch?v=RPWlVmGkVSM
515,https://www.youtube.com/watch?v=bLJstF-omJ4
516,https://www.youtube.com/watch?v=pgX3JtwboEc
517,https://www.youtube.com/watch?v=P_CoqhPmjik
518,https://www.youtube.com/watch?v=XohrEws1JU4
519,https://www.youtube.com/watch?v=PPVY1BPYY2o
520,https://www.youtube.com/watch?v=LHtseplPqO4
521,https://www.youtube.com/watch?v=JsLAP-N6_ls
522,https://www.youtube.com/watch?v=inLZ0tPay7A
523,https://www.youtube.com/watch?v=ix-r145lyjc
524,https://www.youtube.com/watch?v=H7UDLpaQtC4
525,https://www.youtube.com/watch?v=4ftsTdGpsEU
526,https://www.youtube.com/watch?v=BXzZwQ9-e-Q
527,https://www.youtube.com/watch?v=WEOrLaiFhNo
528,https://www.youtube.com/watch?v=VykzwmEPgPA
529,https://www.youtube.com/watch?v=fnx_2MuEeLg
530,https://www.youtube.com/watch?v=KSR2Ov9LuhM
531,https://www.youtube.com/watch?v=BxfK0lq8xkc
532,https://www.youtube.com/watch?v=nVYX8f1RSRU
533,https://www.youtube.com/watch?v=LRrLPCQTZwc
534,https://www.youtube.com/watch?v=cUYB9eSQhNI
535,https://www.youtube.com/watch?v=t4jkx9z8Cfw
536,https://www.youtube.com/watch?v=NAJ1Z4kOyHA
537,https://www.youtube.com/watch?v=b1sxOf_awuI
538,https://www.youtube.com/watch?v=Z6Ml6telw_c
539,https://www.youtube.com/watch?v=zBqRYIwIe9Q
540,https://www.youtube.com/watch?v=6N2UhT5xaLc
541,https://www.youtube.com/watch?v=FlpWLTqxU-o
542,https://www.youtube.com/watch?v=moIIiotTmn8
543,https://www.youtube.com/watch?v=MsSZrpj_lFo
544,https://www.youtube.com/watch?v=Af_acgYEadA
545,https://www.youtube.com/watch?v=N7vHk9RZiII
546,https://www.youtube.com/watch?v=N13PZpLHDK8
547,https://www.youtube.com/watch?v=pZHpvQsR_XM
548,https://www.youtube.com/watch?v=sySTt9XhQpY
549,https://www.youtube.com/watch?v=MdAd2kNAZic
550,https://www.youtube.com/watch?v=r3Va5FbFKmc
551,https://www.youtube.com/watch?v=tn22g-RtMMs
552,https://www.youtube.com/watch?v=Jh93Czqqj5k
553,https://www.youtube.com/watch?v=whw2wvmnfkA
554,https://www.youtube.com/watch?v=8K-u7X7MVT0
555,https://www.youtube.com/watch?v=g7MkIBdl06c
556,https://www.youtube.com/watch?v=1W9XXwHBcY8
557,https://www.youtube.com/watch?v=X_ESxckVR7M
558,https://www.youtube.com/watch?v=B1Lb_EkNj40
559,https://www.youtube.com/watch?v=T3caH0cvynY
560,https://www.youtube.com/watch?v=5v9WcCc76vk
561,https://www.youtube.com/watch?v=1PGKWsV-Ol8
562,https://www.youtube.com/watch?v=2CBOkDtBZ9k
563,https://www.youtube.com/watch?v=GZTZa88figs
564,https://www.youtube.com/watch?v=4VYUTM1pQBc
565,https://www.youtube.com/watch?v=RwxM_Ima7S4
566,https://www.youtube.com/watch?v=tCQAXyrRR40
567,https://www.youtube.com/watch?v=3cOgMOYfXxA
568,https://www.youtube.com/watch?v=tsCAkyZ0qas
569,https://www.youtube.com/watch?v=9Z93FZkrABw
570,https://www.youtube.com/watch?v=n6JRG733ReQ
571,https://www.youtube.com/watch?v=7uq-vyiFVl0
572,https://www.youtube.com/watch?v=8i5j87nf9xE
573,https://www.youtube.com/watch?v=pZVWxVNorMo
574,https://www.youtube.com/watch?v=nltQg4b-MM4
575,https://www.youtube.com/watch?v=RZ4omXA3acY
576,https://www.youtube.com/watch?v=L-NGSm0FbZI
577,https://www.youtube.com/watch?v=hfIBOQDscIo
578,https://www.youtube.com/watch?v=lxwFhpoU3DM
579,https://www.youtube.com/watch?v=_OubT2IzisE
580,https://www.youtube.com/watch?v=OMEiR9uamq8
581,https://www.youtube.com/watch?v=o3oKlY72wkU
582,https://www.youtube.com/watch?v=kkEL5_M1As0
583,https://www.youtube.com/watch?v=K0bQNjaf9ec
584,https://www.youtube.com/watch?v=TzpO0EGMdZY
585,https://www.youtube.com/watch?v=ptB3DCzszHU
586,https://www.youtube.com/watch?v=vZE_0WtSRGs
587,https://www.youtube.com/watch?v=HY27_UUT08M
588,https://www.youtube.com/watch?v=v8GGurp7KI8
589,https://www.youtube.com/watch?v=NQb0wPkGYhA
590,https://www.youtube.com/watch?v=JOayfGNRw2o
591,https://www.youtube.com/watch?v=2EBvJVLXmb0
592,https://www.youtube.com/watch?v=z5DJ4x8AFd4
593,https://www.youtube.com/watch?v=XyUCwnKzZzk
594,https://www.youtube.com/watch?v=d5HbfdQ4AqU
595,https://www.youtube.com/watch?v=cLvoCjz9Q1k
596,https://www.youtube.com/watch?v=moznDgTSSaw
597,https://www.youtube.com/watch?v=4q1dgn_C0AU
598,https://www.youtube.com/watch?v=t_LXCnHjVz8
599,https://www.youtube.com/watch?v=9wAqSwn0gvU
600,https://www.youtube.com/watch?v=wQIT5iMfhPE
601,https://www.youtube.com/watch?v=KAxm926KLqc
602,https://www.youtube.com/watch?v=AstZh9UAS3A
603,https://www.youtube.com/watch?v=NSThk08Z6Ng
604,https://www.youtube.com/watch?v=mh85XJ5qZyU
605,https://www.youtube.com/watch?v=Vuk2nvhnDoc
606,https://www.youtube.com/watch?v=37RPV1qg3bc
607,https://www.youtube.com/watch?v=G6lcoXNjOMM
608,https://www.youtube.com/watch?v=Y8vX1quEJ14
609,https://www.youtube.com/watch?v=6s0XJUm5sQ4
610,https://www.youtube.com/watch?v=3OPUVQHQczw
611,https://www.youtube.com/watch?v=Qggtgip7yA0
612,https://www.youtube.com/watch?v=f8ssdn8ISQE
613,https://www.youtube.com/watch?v=LiAStiSXZpo
614,https://www.youtube.com/watch?v=tjpcwJGpBlw
